Post created at ,Post,Post URL,Post Type,Reactions,Like,Love,Thankful,HaHa,Wow,Sad,Angry,Comments,Shares,Video Plays,Promoted/Organic,Est. Reach,Est. Impressions,Original Sentiment
14/07/2018 11:00,We have that friend who claims to play better than man of the match the friend who insists on being the referee or the one who has to commentate the whole game. Tag that friend who is like that.,http://www.facebook.com/352921961449536/posts/2001864953221887,PHOTO,24,24,0,0,0,0,0,0,5,6,0,ORGANIC,"15,991","26,533",
13/07/2018 11:00,The most caring deodorant NIVEA Protect & Care Deodorant spray gives you the best of both worlds soft care for your underarms and strong protection against sweat. http://bit.ly/2n8LRSz,http://www.facebook.com/352921961449536/posts/1996330433775339,VIDEO,56,56,0,0,0,0,0,0,24,8,351,ORGANIC,"27,128","45,014",Positive
11/07/2018 11:00,Which deo is best for you? Spray or roll-on? The deo spray is convenient and even a short press can keep you fresh all day. The deo roll-on has a handy applicator that evenly distributes the deo. Which one works for you? http://bit.ly/2rAqwHs,http://www.facebook.com/352921961449536/posts/1996320597109656,VIDEO,15,15,0,0,0,0,0,0,17,6,134,ORGANIC,"16,129","26,763",Positive
09/07/2018 11:20,Is it true that using deodorants on freshly shaved skin causes razor burns? Nope. Shaving irritates our delicate underarms. Here are some tips to keep razor burns at bay. http://bit.ly/2rAqwHs,http://www.facebook.com/352921961449536/posts/1996315937110122,VIDEO,47,46,1,0,0,0,0,0,19,8,428,ORGANIC,"27,702","45,965",Positive
06/07/2018 11:49,Watching football makes you a coach referee and player all at once. How do you deal with the emotional rollercoaster that is the game?,http://www.facebook.com/352921961449536/posts/1990524044355978,VIDEO,8,8,0,0,0,0,0,0,2,10,218,ORGANIC,"14,083","23,367",Positive
05/07/2018 11:00,Amina has some tips on how to find the #PerfectBalance between studies your social life  and finances for a wholesome experience. Press play and take notes. https://bit.ly/2sKlo1h,http://www.facebook.com/352921961449536/posts/1986547288086987,VIDEO,43,41,1,0,1,0,0,0,1,8,"2,097",ORGANIC,"18,183","30,170",Positive
04/07/2018 11:30,Knowing you are not alone is a comfort. Kobi and these wonderful ladies shared how they find the #PerfectBalance in their personal lives. https://bit.ly/2JyURur,http://www.facebook.com/352921961449536/posts/1986531008088615,VIDEO,207,195,12,0,0,0,0,0,21,25,"11,846",PROMOTED,"60,102","99,727",Positive
03/07/2018 11:00,Can you really have it all? The career the beautiful kids a social life . Well Anne gave us some tips on how she maintains the #PerfectBalance and we would love to share that with you. https://bit.ly/2LFk07k,http://www.facebook.com/352921961449536/posts/1983608325047550,VIDEO,368,349,15,0,3,1,0,0,25,29,"36,676",PROMOTED,"93,332","154,865",Positive
30/06/2018 11:00,What's the best way to take care of oily skin that gets lots of blemishes? https://bit.ly/2H2Vz65,http://www.facebook.com/352921961449536/posts/1959431240798592,PHOTO,65,64,1,0,0,0,0,0,15,9,0,ORGANIC,"25,076","41,609",Positive
29/06/2018 11:06,Stay tuned to find out how Kobi and ten wonderful ladies are working on finding the #PerfectBalance. https://bit.ly/2JyURur,http://www.facebook.com/352921961449536/posts/1976217452453304,VIDEO,68,65,2,0,0,0,1,0,19,13,"1,251",ORGANIC,"28,040","46,526",Positive
27/06/2018 17:47,Healthy body healthy mind. This is how Anne is helping us to find the #PerfectBalance. Stay tuned for more on this journey she shared with some amazing ladies. https://bit.ly/2LFk07k,http://www.facebook.com/352921961449536/posts/1972975266110856,VIDEO,99,98,1,0,0,0,0,0,2,9,"65,945",ORGANIC,"31,041","51,507",Positive
27/06/2018 11:15,Three ladies three #PerfectBalance surprises. Keep it NIVEA to experience this journey with the lovely Amina Abdi-Rabar. https://bit.ly/2sKlo1h,http://www.facebook.com/352921961449536/posts/1972410562833993,VIDEO,332,317,12,0,1,2,0,0,22,22,"183,051",ORGANIC,"73,515","121,983",Positive
26/06/2018 12:19,Healthy body healthy mind. This is how Anne is helping us to find the #PerfectBalance. Stay tuned for more on this journey she shared with some amazing ladies. https://bit.ly/2LFk07k,http://www.facebook.com/352921961449536/posts/1970674123007637,VIDEO,0,0,0,0,0,0,0,0,0,13,677,Insufficient data,"16,982","28,178",Positive
21/06/2018 11:00,When you take care of your face it shows! Beautiful skin begins with a proper skincare routine. Clean your face twice a day and moisturize for healthy glowing skin. https://bit.ly/2Ife4k2,http://www.facebook.com/352921961449536/posts/1959424620799254,PHOTO,838,835,3,0,0,0,0,0,143,21,0,PROMOTED,"146,720","243,452",Positive
20/06/2018 11:00,It's all in the technique. How do you apply your face cream? Here is our recommendation. https://bit.ly/2wkgrAI,http://www.facebook.com/352921961449536/posts/1942740799134303,VIDEO,268,267,1,0,0,0,0,0,8,22,"78,996",ORGANIC,"66,232","109,898",Positive
19/06/2018 11:00,Water on its own doesn’t have the ability to remove oil-soluble dirt like makeup and excess sebum. Actually washing your face with warm or even hot water could dry out the skin. Use face products suitable for your skin type. https://bit.ly/2Ife4k2,http://www.facebook.com/352921961449536/posts/1942744842467232,VIDEO,127,121,6,0,0,0,0,0,35,19,"33,180",ORGANIC,"39,620","65,741",Positive
18/06/2018 11:00,Get that extra confidence to take on your day. How do you stay balanced throughout the different areas in your life? https://bit.ly/2LFk07k,http://www.facebook.com/352921961449536/posts/1942737502467966,PHOTO,339,332,2,0,2,2,0,1,2,19,0,PROMOTED,"45,404","75,339",Positive
17/06/2018 11:00,They are behind our treasured memories and our brightest smiles. They give freely and love us deeply. What’s your fondest memory of your dad? Share with us in the comments section below.,http://www.facebook.com/352921961449536/posts/1946624962079220,VIDEO,225,224,1,0,0,0,0,0,4,36,"21,604",PROMOTED,"64,844","107,595",Positive
16/06/2018 11:00,From helping us take our first steps to continously being our greatest teachers. What’s that one thing dad has taught you that you will never forget? Share your life lessons from your dad in the comments section below.,http://www.facebook.com/352921961449536/posts/1946624435412606,PHOTO,809,806,2,0,0,1,0,0,33,15,0,PROMOTED,"115,574","191,771",Positive
15/06/2018 13:00,We know that school can become your life and sometimes you just need to exhale? How do you find the #PerfectBalance between school and your social life?  https://bit.ly/2sKlo1h,http://www.facebook.com/352921961449536/posts/1942725832469133,VIDEO,18,18,0,0,0,0,0,0,5,12,425,ORGANIC,"19,403","32,196",Positive
15/06/2018 10:00,Eid Mubarak to you and your loved ones! Wishing you happiness prosperity and peace on this day.,http://www.facebook.com/352921961449536/posts/1948504281891288,PHOTO,465,461,4,0,0,0,0,0,25,12,0,ORGANIC,"84,404","140,051",Positive
14/06/2018 11:00,Standing in line next to someone with not so fresh underarms is the worst feeling isn't it ? http://bit.ly/2rAqwHs,http://www.facebook.com/352921961449536/posts/1942735585801491,PHOTO,"1,100","1,088",4,0,7,0,0,1,27,15,0,PROMOTED,"94,092","156,127",Positive
13/06/2018 16:00,The excitement is so contagious. It all comes down to this. Where will you be watching the opening ceremony from?,http://www.facebook.com/352921961449536/posts/1945360105539039,PHOTO,67,63,4,0,0,0,0,0,20,19,0,ORGANIC,"22,319","37,033",Positive
13/06/2018 11:00,Being a mom means being at the centre of everyone’s universe not just your own. How do you find time for some me time? #PerfectBalance https://bit.ly/2LFk07k,http://www.facebook.com/352921961449536/posts/1942721305802919,VIDEO,581,550,21,0,8,2,0,0,88,21,"147,585",PROMOTED,"175,149","290,624",Positive
12/06/2018 11:00,You know those people in the bus who raise their hands and everyone flees? Don't be one of them. ???????? http://bit.ly/2rAqwHs,http://www.facebook.com/352921961449536/posts/1942731932468523,PHOTO,511,497,7,0,7,0,0,0,26,21,0,PROMOTED,"56,544","93,823",Positive
11/06/2018 11:00,Sometimes finding the #PerfectBalance is all about the people in your inner circle and self love. Tag the friends and family that keep you grounded and share with us how you try to find the #PerfectBalance between being true to yourself and keeping other people happy. https://bit.ly/2JyURur,http://www.facebook.com/352921961449536/posts/1942717999136583,VIDEO,55,53,2,0,0,0,0,0,4,14,"4,186",ORGANIC,"16,107","26,726",Positive
08/06/2018 11:00,Did you know that the different skin types need different face care? Dry skin and oily skin have totally different needs! https://bit.ly/2H2Vz65,http://www.facebook.com/352921961449536/posts/1907791155962601,PHOTO,133,132,1,0,0,0,0,0,22,20,0,ORGANIC,"40,670","67,483",Positive
04/06/2018 11:00,Campus life and financial management  is not easy Amina Abdi-Rabar shares her experience. Would you like to meet Amina for a chance to share your experience too? Find her on Instagram here : https://www.instagram.com/amina_kenya or twitter here:  https://bit.ly/2s71ywW  and you could  be one of her lucky fans who get a suprise !,http://www.facebook.com/352921961449536/posts/1929558323785884,VIDEO,362,332,27,0,0,3,0,0,29,32,"99,837",PROMOTED,"91,615","152,017",Positive
01/06/2018 13:00,Can  you have it all? Well you can ask Anne how she finds the #PerfectBalance between being a busy career woman and  mother of three . If you want to know more about her journey she has all the details for you on her instagram page here: https://bit.ly/2k3IYl5 . Join the conversation and you could also be one of her lucky fans who gets to win a surprise!,http://www.facebook.com/352921961449536/posts/1927039224037794,VIDEO,397,385,10,0,0,2,0,0,30,49,"45,776",PROMOTED,"137,941","228,885",Positive
01/06/2018 12:10,Today we celebrate all Kenyans who are working towards building a greater nation. Happy Madaraka Day!,http://www.facebook.com/352921961449536/posts/1929711170437266,PHOTO,"1,796","1,785",8,0,1,2,0,0,27,30,0,ORGANIC,"127,531","211,612",Positive
31/05/2018 11:00,Live laugh love. Self-love is the ultimate goal but we all know that the #PerfectBalance between living your best life and making others happy is not easy. You can join Kobi and discuss this on her Instagram page here: https://bit.ly/2IKfDdh. She also has goodies up for grabs for some lucky fans! http://bit.ly/2rAqwHs,http://www.facebook.com/352921961449536/posts/1927034270704956,VIDEO,310,296,14,0,0,0,0,0,38,38,"81,202",PROMOTED,"88,393","146,670",Positive
30/05/2018 12:44,#PerfectBalance Competition,http://www.facebook.com/352921961449536/posts/1927084114033305,STATUS,111,108,2,0,0,0,0,1,11,15,0,ORGANIC,"30,990","51,422",Positive
30/05/2018 11:13,Did you miss our live video with Anne Kiguta Kobi Kihara and Amina Abdi-Rabar? Watch it here and join us on the journey to achieve the #PerfectBalance. ????  Keep it NIVEA. ???????? http://bit.ly/2rAqwHs,http://www.facebook.com/352921961449536/posts/1927007577374292,VIDEO,"5,627","5,508",71,0,46,2,0,0,178,90,"82,560",PROMOTED,"692,212","1,148,583",Positive
30/05/2018 11:00,Serious when taking on what life brings but have fun when you find that #PerfectBalance. Stay tuned as we discuss different life situations with three amazing ladies.  See terms and conditions here : https://bit.ly/2J05rKL,http://www.facebook.com/352921961449536/posts/1926366580771725,PHOTO,486,481,4,0,1,0,0,0,48,42,0,ORGANIC,"89,401","148,343",Positive
29/05/2018 22:03,NIVEA added a cover video.,http://www.facebook.com/352921961449536/posts/1926355264106190,VIDEO,7,7,0,0,0,0,0,0,0,32,"1,725",ORGANIC,"13,611","22,585",Neutral
29/05/2018 19:13,NIVEA is live now.,http://www.facebook.com/352921961449536/posts/1926161097458940,VIDEO,0,0,0,0,0,0,0,0,1,0,0,Insufficient data,188,312,
29/05/2018 19:07,NIVEA was live.,http://www.facebook.com/352921961449536/posts/1926153144126402,VIDEO,0,0,0,0,0,0,0,0,18,0,0,Insufficient data,"9,126","15,142",
29/05/2018 11:00,It's D-day team NIVEA! Join us at 6:00pm today to find out what we have in store for you! Can you guess what it is?  #PerfectBalance ???? ???? http://bit.ly/2rAqwHs,http://www.facebook.com/352921961449536/posts/1925510730857310,VIDEO,"1,827","1,811",11,0,3,0,1,1,122,89,"52,215",ORGANIC,"568,673","943,596",Positive
28/05/2018 13:09,We have something really exciting coming your way tomorrow!! Keep it here to find out :) ;)  http://bit.ly/2rAqwHs,http://www.facebook.com/352921961449536/posts/1924400300968353,VIDEO,"1,019","1,013",5,0,0,1,0,0,80,104,"56,167",PROMOTED,"437,800","726,439",Positive
26/05/2018 11:34,"Face care depends on your skin type! Do you know your skin type? Type ""N"" if you have a normal skin ""D"" for Dry ""O"" for Oily ""C"" for combination and ""S"" for sensitive skin. https://bit.ly/2H2Vz65",http://www.facebook.com/352921961449536/posts/1921569621251421,VIDEO,332,325,6,0,0,0,1,0,348,43,"47,104",PROMOTED,"135,133","224,226",Positive
25/05/2018 18:52,Do you know how many times we need to wash our faces? read more about it here https://bit.ly/2woJYsO and tell us what you found out.,http://www.facebook.com/352921961449536/posts/1920670071341376,VIDEO,13,13,0,0,0,0,0,0,0,2,147,ORGANIC,"3,776","6,266",Neutral
24/05/2018 11:00,Every woman is different and so is every skin type. For your daily face care make sure you use a face cream that suits your skin type.  https://bit.ly/2H2Vz65,http://www.facebook.com/352921961449536/posts/1902397106502006,VIDEO,135,128,7,0,0,0,0,0,39,8,"81,816",ORGANIC,"44,315","73,532",Positive
22/05/2018 11:00,NIVEA Perfect & Radiant Light Day Moisturiser with SPF 15 for oily skin  or the NIVEA Perfect & Radiant Facial Day Cream for normal and combination skin are  perfect for daily moisturization. https://bit.ly/2Ife4k2,http://www.facebook.com/352921961449536/posts/1902385186503198,VIDEO,963,950,11,0,1,1,0,0,123,12,"26,584",PROMOTED,"315,227","523,055",Positive
17/05/2018 11:00,Even when it is cold your skin needs a moisturizer with sun protection to protect your face. Read here for more tips on taking care of your face: https://bit.ly/2rIkNgk,http://www.facebook.com/352921961449536/posts/1907783869296663,PHOTO,915,906,6,0,0,3,0,0,126,16,0,PROMOTED,"113,900","188,994",Positive
15/05/2018 11:00,Moisturize daily with NIVEA Perfect & Radiant Light Day Moisturiser with SPF 15 for oily skin  or the NIVEA Perfect & Radiant Facial Day Cream for normal and combination skin. https://bit.ly/2Ife4k2,http://www.facebook.com/352921961449536/posts/1902383569836693,VIDEO,138,135,2,0,0,1,0,0,69,10,"74,569",ORGANIC,"40,457","67,131",Positive
14/05/2018 11:00,Do you know how many times we need to wash our faces? read more about it here https://bit.ly/2woJYsO and tell us what you found out.,http://www.facebook.com/352921961449536/posts/1902413229833727,VIDEO,20,19,1,0,0,0,0,0,10,1,291,ORGANIC,"12,310","20,426",Positive
12/05/2018 20:34,It takes a special kind of woman to make you feel like family when you are far away from home. We honor the women at the Thika School for the Visually Impaired who are devoted to showing care and providing guidance to these wonderful children. To learn more about this school visit https://bit.ly/2GbjdYz,http://www.facebook.com/352921961449536/posts/1904244896317227,VIDEO,"19,798","18,671",902,0,32,155,32,6,"1,173","1,271","603,200",PROMOTED,"3,729,596","6,188,500",Positive
12/05/2018 17:36,It takes a special kind of woman to make you feel like family when you are far away from home. We honor the women at the Thika School for the Visually Impaired who are devoted to showing care and providing guidance to these wonderful children. For more information on how you can make a donation to the school visit https://bit.ly/2jQpnoj,http://www.facebook.com/352921961449536/posts/1904036299671420,VIDEO,0,0,0,0,0,0,0,0,0,0,0,Insufficient data,"1,445","2,397",Positive
12/05/2018 17:19,NIVEA CARES,http://www.facebook.com/352921961449536/posts/1904027979672252,STATUS,57,54,3,0,0,0,0,0,24,3,0,ORGANIC,"20,153","33,440",Positive
11/05/2018 11:00,"Face care depends on your skin type! Do you know your skin type? Type ""N"" if you have a normal skin ""D"" for Dry ""O"" for Oily ""C"" for combination and ""S"" for sensitive skin.  https://bit.ly/2H2Vz65",http://www.facebook.com/352921961449536/posts/1902375903170793,VIDEO,171,170,1,0,0,0,0,0,318,10,"54,310",ORGANIC,"66,688","110,655",Positive
09/05/2018 11:00,Being all sweaty can be really uncomfortable. For a Deo that will take care of your skin while keeping you comfortably dry try out NIVEA Protect & Care. https://bit.ly/2n626QD,http://www.facebook.com/352921961449536/posts/1890903397651377,PHOTO,330,316,12,0,1,1,0,0,11,8,0,ORGANIC,"62,551","103,791",Positive
08/05/2018 11:00,Do you know that your face needs a different moisturizer from the rest of your body? Read about it here and tell us what you learnt in the comments section below. https://bit.ly/2wkgrAI,http://www.facebook.com/352921961449536/posts/1896845250390525,PHOTO,"1,399","1,388",9,0,2,0,0,0,316,15,0,PROMOTED,"163,795","271,785",Positive
07/05/2018 11:00,How do you take care of your underarms? We want you to try out the NIVEA Protect & Care which offers strong protection against sweat and gentle care for your delicate skin. https://bit.ly/2n626QD,http://www.facebook.com/352921961449536/posts/1890901050984945,PHOTO,227,224,2,0,0,0,1,0,46,19,0,PROMOTED,"41,270","68,478",Positive
05/05/2018 11:00,It's been a long week of hard work. How are you taking sometime to unwind this weekend? We would love to know in the comments section below. #PerfectBalance https://bit.ly/2n626QD,http://www.facebook.com/352921961449536/posts/1890899790985071,PHOTO,32,31,1,0,0,0,0,0,2,15,0,ORGANIC,"16,132","26,768",Positive
03/05/2018 11:00,We love putting smiles on the faces of our fans. For a chance to be featured on our NIVEA page  share your best photos with us in the comments section below. https://bit.ly/2uMjAsd,http://www.facebook.com/352921961449536/posts/1890890914319292,VIDEO,101,99,2,0,0,0,0,0,61,8,"95,043",ORGANIC,"40,813","67,720",Positive
01/05/2018 10:00,Take some time out relax and appreciate yourself because you work hard. Happy Labour Day!,http://www.facebook.com/352921961449536/posts/1888322027909514,PHOTO,"1,142","1,117",20,0,5,0,0,0,34,8,0,PROMOTED,"142,631","236,667",Positive
27/04/2018 11:00,Imagine a deodorant so perfect that it gives you 48 hour deo protection and is also kind to your delicate skin. https://bit.ly/2n626QD,http://www.facebook.com/352921961449536/posts/1882005378541179,VIDEO,704,698,3,0,1,0,2,0,21,8,"6,891",ORGANIC,"24,380","40,453",Positive
25/04/2018 11:00,How do you tell someone that they need a Deo politely? Share with us in the comments section. https://bit.ly/2n626QD,http://www.facebook.com/352921961449536/posts/1879397305468653,VIDEO,34,32,2,0,0,0,0,0,31,4,"54,883",ORGANIC,"17,647","29,281",Positive
23/04/2018 11:00,What are some areas in your life that you struggle to find balance? Let us know in the comment section and let’s try to find the #PerfectBalance. http://bit.ly/2rAqwHs,http://www.facebook.com/352921961449536/posts/1876558489085868,PHOTO,932,926,5,0,1,0,0,0,128,15,0,PROMOTED,"99,985","165,905",Positive
21/04/2018 11:33,NIVEA Protect & Care has a mild formula that makes sure you stay fresh all day while not irritating your skin. Which one are you going for the spray the roll on or both? ????https://bit.ly/2n626QD,http://www.facebook.com/352921961449536/posts/1876553999086317,VIDEO,33,32,1,0,0,0,0,0,20,29,"19,648",ORGANIC,"18,953","31,449",Positive
20/04/2018 11:00,Special care for your delicate underarms comes with NIVEA Protect & Care deodorant range. We have combined caring ingredients from NIVEA Crème and  48 hour anti-perspirant protection to create deodorants that are strong on sweat  and soft on your skin. #PerfectBalance https://bit.ly/2n626QD,http://www.facebook.com/352921961449536/posts/1874575995950784,PHOTO,226,216,9,0,0,1,0,0,35,21,0,ORGANIC,"30,533","50,663",Positive
19/04/2018 11:00,How well do you know your skin type? https://bit.ly/2H2Vz65,http://www.facebook.com/352921961449536/posts/1870458449695872,VIDEO,0,0,0,0,0,0,0,0,0,0,0,Insufficient data,234,389,Neutral
18/04/2018 11:00,Planning your time is one of the ways of getting a #PerfectBalance in life. What other things work for you?,http://www.facebook.com/352921961449536/posts/1865116806896703,PHOTO,547,543,4,0,0,0,0,0,13,10,0,PROMOTED,"32,319","53,627",Positive
17/04/2018 11:00,Glow tip number 1 : Cleanse daily and clear your pores using The Perfect & Radiant Cleansing Foam for combined skin or  The Perfect & Radiant 3-in- 1 Cleanser for normal to oily skin. https://bit.ly/2H2BjNG,http://www.facebook.com/352921961449536/posts/1870455119696205,PHOTO,"1,785","1,759",21,0,1,4,0,0,347,17,0,PROMOTED,"143,706","238,450",Positive
16/04/2018 11:07,NIVEA Perfect & Radiant range of products offers you a cleanser and moisturizer suited to your skin type to help you maintain blemish free skin and an even tone. https://bit.ly/2H2BjNG,http://www.facebook.com/352921961449536/posts/1870315156376868,PHOTO,211,210,0,0,0,1,0,0,90,7,0,ORGANIC,"30,515","50,634",Positive
15/04/2018 11:00,If you love something you take time to care for  it. Do you make time for your face care routine?,http://www.facebook.com/352921961449536/posts/1867722976636086,PHOTO,"3,205","3,186",16,0,0,1,1,1,373,31,0,PROMOTED,"175,086","290,520",Positive
14/04/2018 10:08,It’s the first thing that people notice about us. What do you like most about your face and why? We would love to know in the comments section below.,http://www.facebook.com/352921961449536/posts/1867721529969564,PHOTO,272,270,2,0,0,0,0,0,64,4,0,PROMOTED,"48,838","81,037",Positive
13/04/2018 11:00,A busy day at work and plans with your friends afterwards? Get 48h anti-perspirant protection with NIVEA Protect & Care for comfortably dry underarms.  #Perfectbalance https://bit.ly/2n626QD,http://www.facebook.com/352921961449536/posts/1865120423563008,VIDEO,39,37,2,0,0,0,0,0,0,14,"82,052",ORGANIC,"10,036","16,652",Neutral
12/04/2018 12:53,Adulting comes with much to do and little time to do it.  How do you find the #PerfectBalance so you don't neglect your work family or friends?,http://www.facebook.com/352921961449536/posts/1865118566896527,PHOTO,277,275,2,0,0,0,0,0,3,2,0,PROMOTED,"39,691","65,860",Positive
09/04/2018 11:00,When it comes to deodorants what’s your preference? Roll on or spray? Let us know in the comments. #PerfectBalance   https://bit.ly/2n626QD,http://www.facebook.com/352921961449536/posts/1855317221209995,VIDEO,60,57,2,0,1,0,0,0,33,5,"81,577",ORGANIC,"23,374","38,784",Positive
07/04/2018 11:00,Exams to do friends to meet… How do you strike the #PerfectBalance between school & your social life? Tell us in the comments section below and let's try to find the #PerfectBalance together :)  https://bit.ly/2n626QD,http://www.facebook.com/352921961449536/posts/1855313677877016,VIDEO,216,211,3,0,0,1,0,1,50,21,"320,527",ORGANIC,"50,229","83,345",Positive
06/04/2018 11:00,Some go for the scent other’s look at the ingredients some even consider the shape! What do you look for in a deodorant? #PerfectBalance https://bit.ly/2n626QD,http://www.facebook.com/352921961449536/posts/1854182584656792,VIDEO,120,117,2,0,1,0,0,0,35,11,"389,795",ORGANIC,"34,915","57,934",Positive
05/04/2018 10:08,Thank your for taking part in the #FaceOfNIVEA competition. We are proud of you  and we have something special for all our nominees :) Inbox us for more details. For all our fans  post your lovely images in the comments section below for a chance to be featured on our page. See terms and conditions here :https://bit.ly/2uMjAsd,http://www.facebook.com/352921961449536/posts/1853822218026162,VIDEO,94,92,2,0,0,0,0,0,130,2,"11,511",PROMOTED,"47,901","79,482",Positive
05/04/2018 09:48,NIVEA FANS IMAGE/PICTURE SUBMISSIONS,http://www.facebook.com/352921961449536/posts/1855156944559356,STATUS,14,13,1,0,0,0,0,0,29,0,0,ORGANIC,"8,697","14,431",Positive
04/04/2018 18:25,It's more than a deo. It's the #PerfectBalance between protection and care. Care for your delicate skin is our promise to you. https://bit.ly/2uMjAsd,http://www.facebook.com/352921961449536/posts/1854287897979594,VIDEO,84,81,3,0,0,0,0,0,23,17,"20,304",ORGANIC,"28,533","47,345",Positive
03/04/2018 11:00,We have just put up our #FaceOfNIVEA2017 on a billboard. Have you seen her ? If you have spotted our billboard  take a picture and share it here for a chance to win a NIVEA hamper .,http://www.facebook.com/352921961449536/posts/1851188214956229,VIDEO,"6,494","6,042",331,0,19,102,0,0,962,80,"122,470",PROMOTED,"854,134","1,417,260",Positive
02/04/2018 11:00,We hope you enjoyed your Easter holiday and are ready to take on the week.,http://www.facebook.com/352921961449536/posts/1843296789078705,PHOTO,769,765,4,0,0,0,0,0,17,7,0,PROMOTED,"102,943","170,813",Positive
01/04/2018 10:00,We wish you and your family hope love and happiness today and in the days to come.,http://www.facebook.com/352921961449536/posts/1843284199079964,PHOTO,49,47,2,0,0,0,0,0,5,2,0,ORGANIC,"22,509","37,349",Positive
29/03/2018 11:00,Time to switch off the morning alarm as we get into the long weekend to celebrate Easter. What are your weekend plans?,http://www.facebook.com/352921961449536/posts/1843620129046371,VIDEO,92,92,0,0,0,0,0,0,5,1,"1,322",ORGANIC,"36,444","60,471",Positive
28/03/2018 11:00,We all have different ways in which we #PlayItCool. Una #ChezaChini aje?,http://www.facebook.com/352921961449536/posts/1835075263234191,PHOTO,"4,682","4,663",16,0,0,2,1,0,56,18,0,PROMOTED,"288,767","479,150",Positive
27/03/2018 11:00,Ku #ChezaChini means being smart with your money. How do you #PlayItCool on a budget? ????,http://www.facebook.com/352921961449536/posts/1835072576567793,PHOTO,"9,129","9,090",25,0,7,7,0,0,186,39,0,ORGANIC,"227,910","378,170",Positive
26/03/2018 11:00,For the guys always on the grind  who are not afraid to #ChezaChini and face any situation NIVEA Cool Kick is is the ultimate sidekick.  http://bit.ly/2DJaVrn,http://www.facebook.com/352921961449536/posts/1835072119901172,PHOTO,"5,950","5,918",16,0,12,4,0,0,111,27,0,PROMOTED,"304,538","505,318",Positive
24/03/2018 11:00,Playing some basketball or just getting fit this weekend?#ChezaChini with NIVEA Cool Kick.  http://bit.ly/2DJaVrn,http://www.facebook.com/352921961449536/posts/1835070776567973,PHOTO,"1,789","1,778",10,0,0,0,0,1,33,6,0,ORGANIC,"127,792","212,045",Positive
23/03/2018 11:00,The week is done and it’s time to #ChezaChini and relax. How will you #PlayItCool this weekend?  http://bit.ly/2DJaVrn,http://www.facebook.com/352921961449536/posts/1835068066568244,PHOTO,347,345,2,0,0,0,0,0,20,0,0,ORGANIC,"64,962","107,791",Positive
21/03/2018 11:00,We know about the sandy beaches the National parks the lakes… What cool  places in our capital city have you been to? Share pictures with us in the comments. ?,http://www.facebook.com/352921961449536/posts/1835067059901678,PHOTO,"6,233","6,207",20,0,2,4,0,0,305,45,0,PROMOTED,"302,475","501,894",Positive
08/03/2018 15:18,Today NIVEA celebrates all the beautiful and confident Kenyan women working hard every day to achieve their ambitions. Happy International Women's Day!,http://www.facebook.com/352921961449536/posts/1816833891724995,VIDEO,405,390,13,0,0,1,1,0,14,14,"20,686",ORGANIC,"120,831","200,494",Positive
03/03/2018 12:00,We work hard & play hard. #PlayItCool this weekend with NIVEA Cool Kick for instant cooling freshness and 48 hour protection. http://bit.ly/2DJaVrn,http://www.facebook.com/352921961449536/posts/1795200740554977,PHOTO,165,162,2,0,1,0,0,0,50,4,0,ORGANIC,"30,091","49,931",Positive
01/03/2018 12:00,What's that one thing that makes you stand out that thing that makes you cool? Tell us in the comments. ????????,http://www.facebook.com/352921961449536/posts/1795199463888438,PHOTO,"1,679","1,667",10,0,1,1,0,0,131,2,0,PROMOTED,"99,916","165,790",Positive
28/02/2018 12:00,So many cool places to visit in Kenya. Where in Kenya would you want to go this year?,http://www.facebook.com/352921961449536/posts/1795198560555195,PHOTO,"2,874","2,839",27,0,5,2,1,0,468,23,0,ORGANIC,"145,146","240,840",Positive
26/02/2018 12:00,Mwanaume ni Hustle. As you go about your hustle this week #PlayItCool with NIVEA Cool Kick. http://bit.ly/2DJaVrn,http://www.facebook.com/352921961449536/posts/1795191993889185,PHOTO,"2,257","2,248",8,0,0,1,0,0,72,6,0,PROMOTED,"97,573","161,902",Positive
24/02/2018 12:00,You've had your fun the night before how do you plan to #ChezaChini the next day? #PlayItCool with NIVEA Cool Kick.http://bit.ly/2DJaVrn,http://www.facebook.com/352921961449536/posts/1795192957222422,PHOTO,337,334,2,0,0,1,0,0,3,0,0,ORGANIC,"42,359","70,286",
23/02/2018 12:00,How will you and your boys #ChezaChini  & #PlayItCool this weekend? Share with us in the comments. ????????http://bit.ly/2DJaVrn,http://www.facebook.com/352921961449536/posts/1795197433888641,PHOTO,13,13,0,0,0,0,0,0,22,2,0,ORGANIC,"5,406","8,971",Positive
22/02/2018 12:00,Instant cooling freshness and 48 hour protection to get you through whatever situation you find yourself in. #PlayItCool #ChezaChini http://bit.ly/2DJaVrn,http://www.facebook.com/352921961449536/posts/1795189670556084,PHOTO,"1,584","1,574",9,0,0,0,1,0,84,9,0,PROMOTED,"69,645","115,562",Positive
21/02/2018 12:00,Tag that person who always stays calm even when every one else isn't. Yaani that person who can #PlayItCool. http://bit.ly/2DJaVrn,http://www.facebook.com/352921961449536/posts/1795180560556995,PHOTO,41,41,0,0,0,0,0,0,0,1,0,Insufficient data,"4,307","7,147",Neutral
19/02/2018 13:58,Oh Kenya ! So many things to do so many cool places to see so many ways to #PlayitCool. Ebu tell us the coolest place you have been to in Kenya. Post your photos or videos in the comments section below and we have something cool for you. ???????? http://bit.ly/2DJaVrn,http://www.facebook.com/352921961449536/posts/1793970407344677,VIDEO,379,363,8,0,1,3,1,3,200,157,"301,676",PROMOTED,"83,075","137,846",Positive
14/02/2018 10:56,It's Valentine's Day!  How are you showing love to the people you care about today?,http://www.facebook.com/352921961449536/posts/1781319995276385,VIDEO,"1,073","1,068",5,0,0,0,0,0,60,141,"13,414",PROMOTED,"262,775","436,021",Positive
10/02/2018 12:00,This is for the guys who are always ready for any challenge. We are here to help you #PlayItCool. http://bit.ly/2DJaVrn,http://www.facebook.com/352921961449536/posts/1780450648696653,PHOTO,692,692,0,0,0,0,0,0,4,1,0,PROMOTED,"21,620","35,874",Positive
09/02/2018 12:00,Your swag the way you talk or your actions. How cool are you? #ChezaChini #PlayItCool . http://bit.ly/2DJaVrn,http://www.facebook.com/352921961449536/posts/1780449542030097,PHOTO,"2,106","2,099",6,0,0,1,0,0,60,4,0,PROMOTED,"65,938","109,411",Positive
05/02/2018 12:00,When you anza your day with the NIVEA Cool Kick range of products you have the confidence to #ChezaChini in any situation. #PlayItCool. http://bit.ly/2DJaVrn,http://www.facebook.com/352921961449536/posts/1767339166674468,PHOTO,411,406,1,0,4,0,0,0,43,1,0,ORGANIC,"11,888","19,726",Positive
02/02/2018 12:00,Ever been in a situation where you had to #ChezaChini? Share with us your #PlayItCool moments.  http://bit.ly/2DJaVrn,http://www.facebook.com/352921961449536/posts/1767337603341291,PHOTO,"1,363","1,350",7,0,2,2,2,0,41,2,0,PROMOTED,"42,185","69,998",Positive
01/02/2018 12:00,The full range of NIVEA Men Cool Kick guarantees that you can keep your cool no matter the situation.You can be as cool as you want to be. #ChezaChini #PlayItCool http://bit.ly/2DJaVrn,http://www.facebook.com/352921961449536/posts/1770198963055155,VIDEO,305,299,3,0,1,2,0,0,105,39,"552,882",ORGANIC,"12,837","21,300",Positive
31/01/2018 12:00,We are finally done with Njaanuary! How did you  #PlayItCool this last month? #ChezaChini. http://bit.ly/2DJaVrn,http://www.facebook.com/352921961449536/posts/1767321643342887,PHOTO,738,733,5,0,0,0,0,0,42,8,0,ORGANIC,"25,190","41,798",Positive
29/01/2018 13:21,Need to #PlayItCool? We've got you. What do you love most about the NIVEA Cool Kick range? http://bit.ly/2DJaVrn,http://www.facebook.com/352921961449536/posts/1767318466676538,PHOTO,216,213,3,0,0,0,0,0,16,3,0,PROMOTED,"12,553","20,829",Positive
26/01/2018 12:00,Ever mistaken a stranger for someone you know? ???????? Tell us how you had to #PlayItcool #Chezachini . http://bit.ly/2DJaVrn,http://www.facebook.com/352921961449536/posts/1760848130656905,PHOTO,927,906,4,0,16,1,0,0,86,2,0,PROMOTED,"44,913","74,524",Positive
25/01/2018 12:00,Game night with the boys a business pitch ama that first date? What are you going to do? #ChezaChini #PlayItCool with NIVEA Cool Kick  http://bit.ly/2DJaVrn,http://www.facebook.com/352921961449536/posts/1760845623990489,PHOTO,357,352,4,0,1,0,0,0,3,2,0,ORGANIC,"14,225","23,603",Neutral
24/01/2018 14:44,When you wave to someone and they don't wave back.  #ChezaChini #PlayItCool. Tell us your story http://bit.ly/2DJaVrn,http://www.facebook.com/352921961449536/posts/1760843713990680,PHOTO,618,597,5,0,15,0,1,0,39,7,0,PROMOTED,"27,956","46,388",Positive
15/01/2018 13:05,The full range of NIVEA Men Cool Kick guarantees that you can keep your cool no matter the situation.You can be as cool as you want to be. #ChezaChini #PlayItCool http://bit.ly/2DJaVrn,http://www.facebook.com/352921961449536/posts/1749407788467606,VIDEO,826,796,18,0,11,1,0,0,54,39,"356,328",ORGANIC,"88,779","147,311",Positive
14/01/2018 12:00,Some things simply cannot be replicated. What do you appreciate about Kenya? What makes Kenya cool ?,http://www.facebook.com/352921961449536/posts/1746246902117028,PHOTO,"7,079","7,067",9,0,0,3,0,0,42,5,0,ORGANIC,"66,978","111,137",Positive
13/01/2018 12:00,Christmas is long gone what was the coolest thing you did or saw in Kenya?,http://www.facebook.com/352921961449536/posts/1746301818778203,PHOTO,"32,931","32,877",37,0,5,11,1,0,161,50,0,ORGANIC,"218,190","362,041",Positive
12/01/2018 19:43,The beginning of something is never easy and so is the start of a new year. Share with us your Njaanuary survival tricks…we know Kenyans are best at it ????,http://www.facebook.com/352921961449536/posts/1746225695452482,PHOTO,"3,687","3,676",1,0,10,0,0,0,41,6,0,ORGANIC,"33,371","55,373",Positive
10/01/2018 12:00,Black stays black white stays white! For anti-perspirant protection that doesn’t leave a mark go for the NIVEA Invisible Black & White Fresh.,http://www.facebook.com/352921961449536/posts/1742201722521546,PHOTO,131,130,1,0,0,0,0,0,20,2,0,PROMOTED,"8,719","14,467",Positive
06/01/2018 13:33,Evelyn Kasina has carved her niche in a male dominated industry. Tune in to Victoria's Lounge tonight at 8pm as the Founder & CEO of Eveminet Communications shares her story.,http://www.facebook.com/352921961449536/posts/1737348133006905,VIDEO,76,75,1,0,0,0,0,0,0,2,599,ORGANIC,"7,036","11,675",Neutral
01/01/2018 12:01,2017 was amazing thanks to each and every one of you. Thank you for the NIVEA love and support! We wish you a prosperous 2018!,http://www.facebook.com/352921961449536/posts/1717214868353565,PHOTO,"28,312","28,266",32,0,9,4,1,0,221,53,0,PROMOTED,"330,061","547,668",Positive
29/12/2017 12:30,"""It's all about being present."" Tune in to NTV tonight at 8pm on Victoria's Lounge as Wanjira Longauer shares her experience in the entertainment industry.",http://www.facebook.com/352921961449536/posts/1726367867438265,VIDEO,100,95,4,0,1,0,0,0,7,6,"1,241",ORGANIC,"13,100","21,737",Positive
29/12/2017 12:00,Who has been there for you this year? Tag the person and share a heartfelt message with them.,http://www.facebook.com/352921961449536/posts/1717213431687042,PHOTO,"29,312","29,261",36,0,6,7,2,0,107,51,0,PROMOTED,"281,560","467,191",Positive
26/12/2017 12:00,Nothing better than sharing time as a family as the festivities wind down. How are you spending the day?,http://www.facebook.com/352921961449536/posts/1719349161473469,PHOTO,"39,659","39,590",56,0,3,10,0,0,98,55,0,PROMOTED,"359,722","596,885",Positive
25/12/2017 12:00,Wishing you good tidings and good cheer on this special day.,http://www.facebook.com/352921961449536/posts/1717208648354187,VIDEO,"4,774","4,718",41,0,3,3,2,7,105,374,"189,670",PROMOTED,"996,691","1,653,804",Positive
24/12/2017 13:23,We can’t get enough of #MyKenyanChristmas stories. Have you shared yours with us? We could make your Christmas special by awarding you with a NIVEA hamper.,http://www.facebook.com/352921961449536/posts/1719338174807901,PHOTO,"1,107","1,098",5,0,3,1,0,0,50,5,0,PROMOTED,"53,885","89,411",Positive
24/12/2017 12:00,You have given us memories that we will treasure forever. We wish you joy fun and laughter throughout the holiday season and in the days to come.,http://www.facebook.com/352921961449536/posts/1719346378140414,PHOTO,"18,867","18,834",26,0,2,4,0,1,108,26,0,PROMOTED,"211,774","351,396",Positive
23/12/2017 17:38,The aroma of hot chapattis the kids running around the mbuzi sizzling on the grill…These are just some of the things that make a Kenyan Christmas special. Share with us your #MyKenyanChristmas stories in the comment section below.,http://www.facebook.com/352921961449536/posts/1718330181575367,PHOTO,"66,567","66,479",66,0,4,18,0,0,72,50,0,PROMOTED,"453,800","752,988",Positive
22/12/2017 17:25,The fun begins with some NIVEA Sun. Tell us some great activities you do with your family during the holidays for a chance to win some NIVEA Sun goodies! #NIVEASunFun,http://www.facebook.com/352921961449536/posts/1718328504908868,PHOTO,"35,384","35,342",32,0,4,6,0,0,111,17,0,PROMOTED,"255,126","423,330",Positive
21/12/2017 17:05,Sunny beaches are always a holiday favorite . All you need is  NIVEA Sun for immediate protection against sunburn. #NIVEASunFun,http://www.facebook.com/352921961449536/posts/1717228138352238,PHOTO,"22,686","22,638",37,0,3,7,1,0,112,29,0,PROMOTED,"168,782","280,059",Positive
21/12/2017 12:00,It's black it's white and it's aways fashionably fresh.,http://www.facebook.com/352921961449536/posts/1713499925391726,PHOTO,"86,303","85,921",289,0,19,68,5,1,556,97,0,PROMOTED,"901,381","1,495,657",Positive
18/12/2017 12:00,Take on that bold outfit this week with the assurance that your colors will remain vibrant.,http://www.facebook.com/352921961449536/posts/1713498188725233,PHOTO,"45,622","45,460",140,0,4,18,0,0,279,30,0,PROMOTED,"638,886","1,060,100",Positive
14/12/2017 14:04,It’s the first thing that people notice about us. What do you like most about your face and why? We would love to know in the comments section below.,http://www.facebook.com/352921961449536/posts/1708522992556086,PHOTO,0,0,0,0,0,0,0,0,1,0,0,Insufficient data,"4,971","8,248",
12/12/2017 12:00,Celebrating years of heritage culture and independence!,http://www.facebook.com/352921961449536/posts/1705014682906917,PHOTO,"2,011","2,002",7,0,0,0,2,0,46,33,0,PROMOTED,"106,927","177,423",Positive
08/12/2017 12:00,Are you on the journey of entrepreneurship? It helps to know you're not alone! Tune in to NTV tomorrow night at 8.00pm on Victoria's Lounge as Sharon Ng'ang'a a TV Presenter and social entrepreneur shares her story.,http://www.facebook.com/352921961449536/posts/1698408953567490,VIDEO,67,67,0,0,0,0,0,0,0,5,574,ORGANIC,"4,880","8,097",Neutral
30/11/2017 12:21,"""If you never try you will always fail"". Join us tonight on Victoria's Lounge on NTV and get inspired by Michelle Ntalami's journey as she continues to build one of the most popular natural hair care brands in the market.",http://www.facebook.com/352921961449536/posts/1690223017719417,VIDEO,64,63,1,0,0,0,0,0,10,2,881,ORGANIC,"8,493","14,092",Positive
24/11/2017 15:11,We have a winner! Join us in celebrating the new #FaceOfNIVEA  Celly Rue Brown,http://www.facebook.com/352921961449536/posts/1682005785207807,PHOTO,"19,533","18,398",852,0,19,257,4,3,"1,374",109,0,PROMOTED,"437,439","725,840",Positive
23/11/2017 11:48,Her passion for arts and culture helped her overcome life's challenges. Join us tonight at 8.00pm on Victoria's Lounge as we celebrate Ayiko's story.,http://www.facebook.com/352921961449536/posts/1680584655349920,VIDEO,72,72,0,0,0,0,0,0,4,3,"1,501",ORGANIC,"10,155","16,850",Positive
20/11/2017 16:31,Childhood is about innocence and playfulness. It’s about joy and freedom. Let’s join hands this Universal Children’s Day and make the world a safer place for our little ones.,http://www.facebook.com/352921961449536/posts/1677096175698768,VIDEO,737,709,25,0,2,1,0,0,24,42,"93,651",PROMOTED,"160,344","266,058",Positive
17/11/2017 12:00,Friday plan…check! My outfit with a pop of color….check! What will you be wearing this weekend ? Post pics of your outfit combinatination in the comments section below. http://bit.ly/2gWSC7q,http://www.facebook.com/352921961449536/posts/1654977334577319,PHOTO,207,206,1,0,0,0,0,0,324,14,0,PROMOTED,"11,873","19,701",Positive
16/11/2017 10:49,Vote for the nominee representing your university and make them the Face of NIVEA 2017! Share and tag your friends to get the highest number of votes before 23rd November 2017.   Click the link below to cast your vote.  https://poll.fbapp.io/face-of-nivea-2104129,http://www.facebook.com/352921961449536/posts/1671778576230528,VIDEO,"2,724","2,620",85,0,4,13,2,0,774,112,"370,299",PROMOTED,"459,853","763,031",Positive
11/11/2017 12:00,What's style without confidence? With the NIVEA Invisible for Black and White Fresh you'll get to keep your clothes in perfect colour and your underarms fresh for 48hrs. http://bit.ly/2gWSC7q,http://www.facebook.com/352921961449536/posts/1654982744576778,PHOTO,"2,371","2,351",19,0,0,1,0,0,56,9,0,PROMOTED,"72,690","120,614",Positive
10/11/2017 12:00,We have a surprise for you but only if you subscribe to our newsletter here http://bit.ly/2zrksmQ,http://www.facebook.com/352921961449536/posts/1662564323818620,PHOTO,"1,728","1,719",9,0,0,0,0,0,44,9,0,PROMOTED,"54,816","90,956",Positive
09/11/2017 12:00,We love to see women who inspire others. NIVEA Invisible for Black and White Fresh brings you the amazing entrepreneurship story of Judith Owigar on Victoria's Lounge today at 8.00pm http://bit.ly/2zBZQVU,http://www.facebook.com/352921961449536/posts/1662538040487915,VIDEO,73,70,3,0,0,0,0,0,0,2,870,ORGANIC,"6,967","11,560",Positive
08/11/2017 12:00,Don't you just love that you can select anything from your wardrobe knowing it doesn't have sweat stains in the underarm area? All thanks to the NIVEA Invisible for Black and White Fresh deodorant. http://bit.ly/2gWSC7q,http://www.facebook.com/352921961449536/posts/1654970224578030,PHOTO,"1,170","1,161",7,0,0,2,0,0,15,3,0,PROMOTED,"42,203","70,028",Positive
06/11/2017 12:00,She is Miss Campus  she has what it takes to be the #FaceOfNIVEA. Tag her and give her the chance of a lifetime ! http://bit.ly/2yLTPqp,http://www.facebook.com/352921961449536/posts/1654965637911822,VIDEO,"3,138","3,108",21,0,2,5,1,1,393,28,"65,396",PROMOTED,"528,421","876,806",Positive
04/11/2017 11:00,When you believe that she is good enough to the be the #FaceOfNIVEA  http://bit.ly/2yLTPqp,http://www.facebook.com/352921961449536/posts/1654963404578712,PHOTO,759,756,3,0,0,0,0,0,98,7,0,PROMOTED,"41,251","68,448",Positive
03/11/2017 11:00,Your printed clothes will retain their colorful flare thanks to the anti-stain properties in the NIVEA Black and White Fresh deodorant spray or roll-on. http://bit.ly/2gWSC7q,http://www.facebook.com/352921961449536/posts/1654956874579365,VIDEO,363,348,11,0,0,3,0,1,100,31,"799,871",PROMOTED,"27,476","45,591",Positive
02/11/2017 13:01,No need to worry about the mid week blues when you have Invisible for Black and White Fresh to keep you feeling positive all day http://bit.ly/2gWSC7q,http://www.facebook.com/352921961449536/posts/1654944194580633,PHOTO,375,373,1,0,0,1,0,0,7,7,0,PROMOTED,"24,427","40,531",Positive
30/10/2017 11:00,Do you dream in black white or blue? With the #FaceofNIVEA contest your dreams will come true. Terms and conditions apply.  http://bit.ly/2yLTPqp,http://www.facebook.com/352921961449536/posts/1644897208918665,VIDEO,434,424,9,0,0,1,0,0,144,9,"67,135",PROMOTED,"96,334","159,846",Positive
27/10/2017 11:00,Have you nominated the #FaceofNIVEA yet? Upload a picture of your  friend in the comments section here : http://bit.ly/2yLTPqp Terms and conditions apply.,http://www.facebook.com/352921961449536/posts/1644891192252600,VIDEO,"1,616","1,585",25,0,1,5,0,0,"3,286",75,"17,616",PROMOTED,"372,121","617,459",Positive
25/10/2017 11:00,With the right deodorant you can take on any outfit. Share outfits you love thanks to how confident your deodorant makes you feel in them. http://bit.ly/2poO4dn,http://www.facebook.com/352921961449536/posts/1641631979245188,PHOTO,"5,444","5,356",72,0,0,16,0,0,54,20,0,PROMOTED,"165,097","273,945",Positive
24/10/2017 11:00,Calling all uni students! Tag a friend  an aspiring model  in your campus to enter our #FaceofNIVEA contest by uploading her picture in the comment section below.  See terms and conditions for participation here : http://bit.ly/2h2ZyR6,http://www.facebook.com/352921961449536/posts/1643296272412092,VIDEO,"13,279","12,768",455,0,7,47,2,0,"29,467",587,"563,803",PROMOTED,"1,452,805","2,410,632",Positive
24/10/2017 09:20,TERMS & CONDITIONS FOR THE INVISIBLE FOR BLACK AND WHITE FRESH #FACEOFNIVEA FACEBOOK COMPETITION.,http://www.facebook.com/352921961449536/posts/1643286072413112,STATUS,819,798,19,0,0,2,0,0,"1,295",13,0,PROMOTED,"60,267","100,001",Positive
23/10/2017 11:00,Freedom to wear what you want? http://bit.ly/2poO4dn,http://www.facebook.com/352921961449536/posts/1641630699245316,PHOTO,"3,278","3,242",28,0,1,6,0,1,62,12,0,PROMOTED,"97,151","161,202",Positive
21/10/2017 11:00,Are you your friend's biggest cheerleader? We are looking forward to seeing how far you would go to show your support for a friend. Nairobi campus goers watch this space. http://bit.ly/2poO4dn,http://www.facebook.com/352921961449536/posts/1635589583182761,PHOTO,"1,974","1,955",16,0,2,1,0,0,73,10,0,PROMOTED,"58,228","96,618",Positive
20/10/2017 10:16,Kwa mashujaa wa jana  leo na kesho. Asante. http://bit.ly/2poO4dn,http://www.facebook.com/352921961449536/posts/1638719266203126,PHOTO,867,858,6,0,2,1,0,0,26,18,0,PROMOTED,"48,237","80,039",Positive
18/10/2017 11:00,Function meets fashion with the NIVEA Invisible for Black and White Fresh deodorant range. http://bit.ly/2poO4dn,http://www.facebook.com/352921961449536/posts/1635581503183569,VIDEO,492,483,7,0,1,1,0,0,17,11,"165,121",PROMOTED,"68,081","112,966",Positive
16/10/2017 11:00,It's fresh and surprisingly full of colour. Can you solve our October riddle? We would love to hear your guesses.,http://www.facebook.com/352921961449536/posts/1630757730332613,PHOTO,"2,661","2,646",11,0,0,4,0,0,142,4,0,PROMOTED,"101,304","168,093",Positive
13/10/2017 15:27,Is it a big smile confidence or looking your best? Share with us what freshness means to you and stick around for what we have in store.,http://www.facebook.com/352921961449536/posts/1630750413666678,PHOTO,"7,324","7,278",40,0,2,3,0,1,142,28,0,PROMOTED,"138,698","230,141",Positive
12/10/2017 13:45,NIVEA added a cover video.,http://www.facebook.com/352921961449536/posts/1629455143796205,VIDEO,27,25,2,0,0,0,0,0,1,5,"12,469",ORGANIC,"6,435","10,677",Neutral
12/10/2017 11:00,Thank you Anne Kinyanjui and Rachel . What  a joy it was to award you for participating in the #NgaraNaNIVEA roadshow ! http://bit.ly/2poO4dn,http://www.facebook.com/352921961449536/posts/1628368920571494,VIDEO,246,241,4,0,0,1,0,0,49,8,"1,667",ORGANIC,"45,214","75,024",Positive
11/10/2017 11:00,Get the love that comes from skin that is well cared for. The NIVEA Nourishing body lotion with make sure you get it all-in-one. http://bit.ly/2poO4dn,http://www.facebook.com/352921961449536/posts/1619698934771826,VIDEO,137,134,3,0,0,0,0,0,30,6,524,PROMOTED,"30,311","50,294",Positive
09/10/2017 11:00,The journey to great skin starts with you.http://bit.ly/2poO4dn,http://www.facebook.com/352921961449536/posts/1619692784772441,VIDEO,468,453,15,0,0,0,0,0,41,5,"92,216",PROMOTED,"81,291","134,886",Positive
07/10/2017 11:00,Love and Care go hand in hand when giving your skin what it deserves. Swipe right and left to find out more.  http://bit.ly/2poO4dn,http://www.facebook.com/352921961449536/posts/1619687871439599,PHOTO,323,320,3,0,0,0,0,0,36,12,0,PROMOTED,"23,938","39,720",Positive
07/10/2017 10:00,Watu wa Zimmerman  Githurai 44  Kahawa West  Wendani na Githurai 45 tag wenzako mkuje roadshow yetu. Kuna goodies kibao. Post selfie zako hapa mkiwa kwa roadshow ushinde ! #NgaraNaNIVEA http://bit.ly/2xGWGmI,http://www.facebook.com/352921961449536/posts/1622149334526786,PHOTO,167,165,0,0,0,2,0,0,19,5,0,PROMOTED,"13,748","22,812",Positive
06/10/2017 12:32,It's always fun times awarding our loyal fans. Thank you Alice Mulama? for participating during the #NgaraNaNIVEA roadshow. For more amazing prizes share your #NgaraNaNIVEA selfies when you spot our truck  in the comments section below and get your friends to like it to win amazing goodies! http://bit.ly/2xGWG,http://www.facebook.com/352921961449536/posts/1622147244526995,VIDEO,791,767,18,0,0,6,0,0,83,14,"82,547",PROMOTED,"136,479","226,459",Positive
06/10/2017 11:00,Ukiwa Umoja  Donholm Quarre  Imara  Tassia na Pipeline ebu jipange. Msafara wa #NgaraNaNIVEA iko area leo. Tag beste yako mje mjibambe na unaweza shinda na NIVEA . http://bit.ly/2xGWGmI,http://www.facebook.com/352921961449536/posts/1620809371327449,PHOTO,"1,061","1,053",6,0,0,2,0,0,97,15,0,PROMOTED,"58,469","97,018",Positive
05/10/2017 10:40,Watu wa Nairobi  msiwe na wasi wasi. #NgaraNaNIVEA iko mtaani kuanzia leo Octoba 5 hadi Octoba 10 . Checki ratiba ya msafara hapa : http://bit.ly/2xGWGmI,http://www.facebook.com/352921961449536/posts/1620806427994410,PHOTO,"3,919","3,888",23,0,5,1,2,0,166,31,0,Insufficient data,"117,949","195,712",Positive
04/10/2017 11:00,When you love your skin  it shows. It's what we call beauty. Share with us what you find beautiful about your skin.http://bit.ly/2poO4dn,http://www.facebook.com/352921961449536/posts/1619683244773395,VIDEO,495,489,4,0,2,0,0,0,34,5,"27,457",PROMOTED,"95,849","159,042",Positive
02/10/2017 16:56,Sio kosa tukisema tumefurahia kuwa  Western na Nyanza wiki hii. Watu wetu wa Kisii  msafara wa #NgaraNaNIVEA umo njiani. Tazama ratiba hapa : http://bit.ly/2xGWGmI,http://www.facebook.com/352921961449536/posts/1614470585294661,VIDEO,761,742,17,0,1,0,1,0,58,9,"153,313",PROMOTED,"147,071","244,034",Positive
02/10/2017 11:00,,http://www.facebook.com/352921961449536/posts/1614497891958597,VIDEO,"1,315","1,291",22,0,1,0,1,0,67,23,"63,026",PROMOTED,"315,888","524,152",Positive
30/09/2017 11:00,Tag mwenzako aliye  Homa Bay ama Migori ili wajue msafara wa #NgaraNaNIVEA inawasili karibu nao hivi karibuni. Tazama ratiba hapa. http://bit.ly/2xGWGmI,http://www.facebook.com/352921961449536/posts/1614448195296900,PHOTO,138,136,2,0,0,0,0,0,14,2,0,PROMOTED,"9,367","15,543",Positive
29/09/2017 16:15,Watu wa Nakuru Kericho na Molo  sijui tuseme? Asante kwa kutukaribisha. Tazama ratiba ya msafara hapa http://bit.ly/2xGWGmI,http://www.facebook.com/352921961449536/posts/1614446005297119,PHOTO,221,217,3,0,1,0,0,0,18,2,0,PROMOTED,"12,331","20,460",Positive
25/09/2017 18:20,NIVEA updated their cover photo.,http://www.facebook.com/352921961449536/posts/1610567119018341,PHOTO,0,0,0,0,0,0,0,0,1,6,0,Insufficient data,0,0,Positive
25/09/2017 18:20,NIVEA updated their cover photo.,http://www.facebook.com/352921961449536/posts/1610567019018351,PHOTO,93,89,2,0,1,1,0,0,1,6,0,Insufficient data,"8,013","13,296",Positive
23/09/2017 11:00,Waiting for the #NgaraNaNIVEA roadshow truck to come to your town? In the meantime post a selfie with your favourite NIVEA products and stand a chance to win a NIVEA hamper. Check out our full schedule here : http://bit.ly/2xGWGmI,http://www.facebook.com/352921961449536/posts/1604962709578782,PHOTO,"5,488","5,457",29,0,0,2,0,0,148,30,0,PROMOTED,"141,303","234,463",Positive
22/09/2017 11:00,Tumefurahia kuwaletea msafara wetu wa #NgaraNaNIVEA. Tag mwenzako anayeishi Nyeri na unaweza kishinda na NIVEA.,http://www.facebook.com/352921961449536/posts/1604959272912459,PHOTO,"4,487","4,442",34,0,2,8,0,1,155,32,0,PROMOTED,"151,252","250,972",Positive
21/09/2017 17:00,It's giveaway day! Spot our #NgaraNaNIVEA truck in Othaya Muranga or Sagana and share a picture in the comments section below to win amazing goodies.,http://www.facebook.com/352921961449536/posts/1604956576246062,PHOTO,436,431,3,0,2,0,0,0,38,15,0,PROMOTED,"38,400","63,717",Positive
21/09/2017 11:00,People are winning big at the #Ng'araNaNivea Roadshow. You don't have to miss out! Tell us how you #Ng'araNaNivea everyday in the comments section below and you too could get a goodie bag from us!,http://www.facebook.com/352921961449536/posts/1604954832912903,PHOTO,"3,449","3,403",41,0,1,4,0,0,"1,038",52,0,PROMOTED,"122,556","203,357",Positive
20/09/2017 11:00,True love comes from fully accepting how we are. Do you have a skincare regime that you love? Share it with us. bit.ly/2eHOze9,http://www.facebook.com/352921961449536/posts/1598150086926711,VIDEO,200,195,5,0,0,0,0,0,16,12,"45,840",ORGANIC,"27,002","44,805",Positive
18/09/2017 11:00,Get all the NIVEA News straight to your mail through our newsletter. Sign up here. bit.ly/2nrCRdc,http://www.facebook.com/352921961449536/posts/1597113130363740,PHOTO,46,45,0,0,0,0,0,1,6,3,0,ORGANIC,"6,924","11,489",Positive
16/09/2017 10:30,Msafara wa #NgaraNaNIVEA inaeandelea kuzuru Kenya. Asante kwa kutupokea na kung'ara nasi. Watu wetu wa Meru Embu na Nyeri tuko huko hivi karibuni. Tazama ratiba hapa http://bit.ly/2xGWGmI,http://www.facebook.com/352921961449536/posts/1600312903377096,VIDEO,223,220,2,0,0,0,1,0,23,2,"10,102",PROMOTED,"21,919","36,370",Positive
15/09/2017 11:00,When it comes to being good to the things you love why go elsewhere for the best skin care? Get it from the NIVEA Nourishing body lotion. bit.ly/2eHOze9,http://www.facebook.com/352921961449536/posts/1597112090363844,PHOTO,"2,580","2,558",20,0,2,0,0,0,137,19,0,PROMOTED,"82,364","136,666",Positive
12/09/2017 16:09,Je umepatana na msafara wetu? Tumenga'ra na tumejivinjari kweli hapa Pwani.  Msafara wa #NgaraNaNIVEA unaelekea maeneo ya Kibwezi hadi Makongeni kuanzia Jumatatu hadi Alhamisi. Jifahamishe na ratiba hapa. bit.ly/2xuonz4,http://www.facebook.com/352921961449536/posts/1596031497138570,VIDEO,69,68,1,0,0,0,0,0,17,0,497,ORGANIC,"12,865","21,346",Positive
12/09/2017 13:40,Have you spotted our truck anywhere? NIVEA is coming your way in a big way. Be on the look out for the #NgaraNaNIVEA Roadshow. Find out here when our truck will be in a town near you ! http://aww.su/EPqVj,http://www.facebook.com/352921961449536/posts/1595932620481791,PHOTO,"5,608","5,552",39,0,0,16,1,0,310,58,0,PROMOTED,"154,958","257,121",Positive
12/09/2017 13:20,#Ng’araNaNIVEA Road Show  Schedule.,http://www.facebook.com/352921961449536/posts/1595878780487175,STATUS,80,79,1,0,0,0,0,0,60,0,0,ORGANIC,"11,106","18,429",Positive
08/09/2017 12:38,Love your skin with every drop of the NIVEA Nourishing body milk. Try it today! bit.ly/2eHOze9,http://www.facebook.com/352921961449536/posts/1591609307580789,VIDEO,109,101,7,0,0,0,1,0,6,7,"88,452",ORGANIC,"10,992","18,238",Positive
08/09/2017 12:17,NIVEA added a cover video.,http://www.facebook.com/352921961449536/posts/1591598924248494,VIDEO,6,6,0,0,0,0,0,0,1,0,471,ORGANIC,628,"1,042",Neutral
07/09/2017 12:19,Stick around to find out just how much you have in common with NIVEA. bit.ly/2eHOze9,http://www.facebook.com/352921961449536/posts/1590584551016598,VIDEO,286,276,10,0,0,0,0,0,87,16,"570,843",ORGANIC,"26,686","44,281",Positive
02/09/2017 01:40,There’s only one way to get the most out of the NEW Protect and Care Spray. Click below to find out how. bit.ly/2oDVexz,http://www.facebook.com/352921961449536/posts/1583657791709274,VIDEO,5,5,0,0,0,0,0,0,0,0,18,Insufficient data,"1,531","2,540",Neutral
02/09/2017 01:39,There’s only one way to get the most out of the NEW Protect and Care Spray. Click below to find out how. bit.ly/2oDVexz,http://www.facebook.com/352921961449536/posts/1583648215043565,VIDEO,22,22,0,0,0,0,0,0,0,0,98,Insufficient data,"4,619","7,664",Neutral
02/09/2017 01:37,There’s only one way to get the most out of the NEW Protect and Care Spray. Click below to find out how. bit.ly/2oDVexz,http://www.facebook.com/352921961449536/posts/1583639175044469,VIDEO,4,4,0,0,0,0,0,0,0,0,17,Insufficient data,"1,082","1,795",Neutral
01/09/2017 12:24,The NIVEA Protect and Care deodorants inspired by NIVEA Crème caring ingredients. bit.ly/2oDVexz,http://www.facebook.com/352921961449536/posts/1583629848378735,PHOTO,765,760,5,0,0,0,0,0,7,2,0,PROMOTED,"24,988","41,462",Positive
28/08/2017 11:00,You need to get your hands on the  NEW Protect and Care not only has a unique scent but also works to care for your underarms and fight off sweat and body odour. bit.ly/2oDVexz,http://www.facebook.com/352921961449536/posts/1575747845833602,VIDEO,444,432,10,0,0,2,0,0,8,8,"150,863",PROMOTED,"55,892","92,742",Neutral
26/08/2017 11:00,Tag a friend as you subscribe to our free newsletter. They'll be glad to be in the know about NIVEA news just like you. Simply follow the link here. bit.ly/2nrCRdc,http://www.facebook.com/352921961449536/posts/1573534816054905,PHOTO,89,89,0,0,0,0,0,0,2,2,0,ORGANIC,"7,468","12,391",
25/08/2017 11:05,The more you try the closer you get to your goal. Have you tried the new Protect & Care yet? bit.ly/2oDVexz,http://www.facebook.com/352921961449536/posts/1575739852501068,VIDEO,612,600,10,0,2,0,0,0,27,5,"97,933",PROMOTED,"83,853","139,136",Positive
23/08/2017 11:00,With precious NIVEA Creme ingredients the NEW Protect and Care deodorants are perfect for offering tenderness the skin on your underarms deserve while keeping away odour from sweat. bit.ly/2oDVexz,http://www.facebook.com/352921961449536/posts/1573531646055222,VIDEO,740,728,9,0,1,0,1,1,14,12,"81,338",PROMOTED,"181,188","300,644",Positive
21/08/2017 11:10,Life begins at the end of your comfort zone. Share with us how you plan to come out stronger by challenging yourself this week. bit.ly/2oDVexz,http://www.facebook.com/352921961449536/posts/1571465896261797,PHOTO,"1,182","1,173",9,0,0,0,0,0,12,3,0,PROMOTED,"33,043","54,827",Positive
19/08/2017 11:00,Get more when you shop for the month with a purchase of NIVEA products. This is one offer you don't want to miss! bit.ly/2uaubg1,http://www.facebook.com/352921961449536/posts/1568571203217933,VIDEO,87,87,0,0,0,0,0,0,2,0,219,ORGANIC,"7,667","12,722",Positive
18/08/2017 11:00,It’s time to let loose catch up with the friend and family we care about. Trust the Protect and Care deodorant that will keep your underarms soft and odourless. bit.ly/2oDVexz,http://www.facebook.com/352921961449536/posts/1549846665090387,PHOTO,"1,954","1,939",15,0,0,0,0,0,26,5,0,PROMOTED,"53,043","88,015",Positive
14/08/2017 11:00,No need to go looking. Updates on our promotions will come straight to your email. Subscribe to our free newsletter here. bit.ly/2oDVexz,http://www.facebook.com/352921961449536/posts/1549845398423847,PHOTO,154,154,0,0,0,0,0,0,19,1,0,ORGANIC,"11,241","18,652",Positive
12/08/2017 11:00,Get more when you shop for the month with a purchase of NIVEA MEN Body Cream. This is one offer you cannot miss! bit.ly/2uaubg1,http://www.facebook.com/352921961449536/posts/1559530434122010,VIDEO,44,44,0,0,0,0,0,0,0,0,273,ORGANIC,"5,926","9,834",Neutral
11/08/2017 11:00,Have one in mind leave with two in hand. Get more with a purchase of NIVEA sprays with our  offer currently in stores . http://bit.ly/2poO4dn,http://www.facebook.com/352921961449536/posts/1559525064122547,VIDEO,226,223,3,0,0,0,0,0,13,9,"9,990",ORGANIC,"28,970","48,069",Positive
04/08/2017 14:00,Get more when you shop for the month with a purchase of NIVEA products. This is one offer you don't want to miss! bit.ly/2uaubg1,http://www.facebook.com/352921961449536/posts/1552193671522353,VIDEO,442,428,14,0,0,0,0,0,75,5,"196,161",ORGANIC,"24,216","40,181",Positive
04/08/2017 11:00,As you plan your weekend make sure to include a deodorant that will give you the #PerfectBalance between protection and care. bit.ly/2oDVexz,http://www.facebook.com/352921961449536/posts/1549843038424083,VIDEO,37,37,0,0,0,0,0,0,8,0,173,ORGANIC,"8,524","14,144",Positive
02/08/2017 11:48,Life is a balance of holding on and letting go. Would you like to share your lessons of creating the #PerfectBalance with us? We would love to hear them. bit.ly/2oDVexz,http://www.facebook.com/352921961449536/posts/1549841258424261,PHOTO,161,160,1,0,0,0,0,0,4,1,0,ORGANIC,"9,772","16,215",Positive
24/07/2017 11:00,Nobody can put a stop to determination especially when it comes from within. What keeps you going even when faced with challenges? Share with us and inspire somebody today. bit.ly/2oDVexz,http://www.facebook.com/352921961449536/posts/1539081756166878,PHOTO,"1,179","1,173",6,0,0,0,0,0,27,8,0,PROMOTED,"40,333","66,925",Positive
22/07/2017 10:59,The NIVEA Protect and Care deodorants are strong on sweat yet soft on skin creating the #PerfectBalance. Which two opposite words describe you the most? Share with us. bit.ly/2oDVexz,http://www.facebook.com/352921961449536/posts/1536569536418100,PHOTO,609,604,3,0,1,1,0,0,31,2,0,PROMOTED,"26,988","44,782",Positive
21/07/2017 11:52,When it comes to your sensitive underams trust a deodorant that has been dermatologically proven to be soft on your skin while fighting odour. #PerfectBalance. bit.ly/2oDVexz,http://www.facebook.com/352921961449536/posts/1535393063202414,VIDEO,294,287,5,0,2,0,0,0,22,9,"47,887",ORGANIC,"46,471","77,109",Positive
08/07/2017 11:00,Heard about our newsletter that you can receive straight to your email?You can subscribe here for free. bit.ly/2nrCRdc,http://www.facebook.com/352921961449536/posts/1513859538689100,PHOTO,202,201,1,0,0,0,0,0,11,1,0,PROMOTED,"11,782","19,551",Positive
05/07/2017 11:00,Expect nothing less than 48-hour protection from sweat and body odour when you use the Protect and Care range of deodorants.  bit.ly/2oDVexz,http://www.facebook.com/352921961449536/posts/1513857508689303,PHOTO,"1,755","1,751",4,0,0,0,0,0,31,9,0,PROMOTED,"72,928","121,008",Positive
03/07/2017 11:05,A day full of errands will be more bearable if you know that you have 48-hour protection from sweat and body odour. Make NIVEA Protect and Care a part of your routine.  bit.ly/2oDVexz,http://www.facebook.com/352921961449536/posts/1513856575356063,PHOTO,"3,335","3,329",4,0,0,2,0,0,34,8,0,PROMOTED,"74,349","123,367",Positive
01/07/2017 11:00,The New NIVEA Protect and Care is here to keep you confident as you strive to achieve the #PerfectBalance in all aspects of your life. bit.ly/2oDVexz,http://www.facebook.com/352921961449536/posts/1497272020347852,VIDEO,593,578,12,0,1,2,0,0,38,19,"259,390",ORGANIC,"229,503","380,812",Positive
